model,term,estimate,std.error,statistic,p.value,conf.low,conf.high,df,outcome
Model 1,(Intercept),-72.16113744075793,37.746454905090445,-1.911732840135574,0.0617807946555385,-148.01981994252424,3.6975450610083698,48.88938392029746,dem_two_party_vote_margin_2018
Model 1,Z,47.145045486735256,56.744104326992584,0.8308360145233422,0.40806555219117724,-65.44757566904813,159.73766664251866,98.99947065155618,dem_two_party_vote_margin_2018
Model 2,(Intercept),88.28236543078718,17.701542157245484,4.987269733143109,6.862126858687334e-6,52.78283024401375,123.78190061756061,53.33869234612784,dem_two_party_vote_margin_2018
Model 2,Z,6.537417274466809,18.696919358225674,0.3496521084148916,0.7274197975138215,-30.60922629192945,43.68406084086307,89.65456675155961,dem_two_party_vote_margin_2018
Model 2,dem_two_party_vote_margin_2016_nona,0.7329485818060859,0.03971945690850376,18.45313704803363,6.996786890033759e-24,0.6531570841981105,0.8127400794140613,49.68283697981647,dem_two_party_vote_margin_2018
Model 2,vote_2016_missingTRUE,-66.2327405350673,70.19741172087734,-0.943521120100915,0.3692997007937243,-224.2736392759815,91.80815820584694,9.291696726927075,dem_two_party_vote_margin_2018
Model 2,dem_two_party_vote_margin_2014_nona,0.06673658067734325,0.03910459198091886,1.7066174916211236,0.10085647068358274,-0.01398949799882332,0.14746265935350983,23.898364750867316,dem_two_party_vote_margin_2018
Model 2,vote_2014_missingTRUE,10.76570133765702,20.48146773969107,0.5256313402185602,0.6009476118844652,-30.14494757210079,51.67635024741483,64.47350725776448,dem_two_party_vote_margin_2018
Model 2,dem_two_party_vote_margin_2012_nona,0.025614245619636385,0.054859379562262924,0.4669073151030695,0.643818288575858,-0.08625411249465931,0.13748260373393206,31.124136345119815,dem_two_party_vote_margin_2018
Model 2,vote_2012_missingTRUE,33.90085657745432,17.925640372766075,1.8911936127514275,0.062326430651517724,-1.788652151305385,69.59036530621403,77.68214739255897,dem_two_party_vote_margin_2018
Model 3,(Intercept),-72.1611374407579,37.746454905090374,-1.9117328401355769,0.06178079465553814,-148.01981994252407,3.697545061008256,48.88938392029751,dem_two_party_vote_margin_2018
Model 3,treatmentvideo_1,18.066542846163628,53.369577045125396,0.33851763207506563,0.7363704940423236,-89.09164420319696,125.22472989552422,50.721412644927476,dem_two_party_vote_margin_2018
Model 3,treatmentvideo_2,77.452217252965,84.9149144700952,0.9121155893084204,0.3661766314864331,-93.1935106500994,248.0979451560294,48.968024780865754,dem_two_party_vote_margin_2018
Model 4,(Intercept),89.62233220715015,17.509409587418737,5.118523943351445,4.359050111234303e-6,54.50384296424006,124.74082145006025,53.06077051652952,dem_two_party_vote_margin_2018
Model 4,treatmentvideo_1,-14.522192596932948,21.9444904556102,-0.6617694143461094,0.5111537684406028,-58.59765101295183,29.553265819085937,50.061787981139894,dem_two_party_vote_margin_2018
Model 4,treatmentvideo_2,26.703370664732653,22.812228286102027,1.1705726564643069,0.24737473395494097,-19.127686935022673,72.53442826448799,49.505243832305446,dem_two_party_vote_margin_2018
Model 4,dem_two_party_vote_margin_2016_nona,0.7344357593070238,0.03936169576124809,18.658641227293916,5.552957826271024e-24,0.6553465638304098,0.8135249547836377,49.27323723648452,dem_two_party_vote_margin_2018
Model 4,vote_2016_missingTRUE,-60.4704317115795,65.57817505119628,-0.9221121457614638,0.379766242874638,-208.08829412752758,87.14743070436859,9.30171597909991,dem_two_party_vote_margin_2018
Model 4,dem_two_party_vote_margin_2014_nona,0.06515851443584239,0.03864357527608903,1.6861409424546607,0.10486573968953472,-0.014643119144490166,0.14496014801617496,23.74575625963543,dem_two_party_vote_margin_2018
Model 4,vote_2014_missingTRUE,15.153279429936948,20.692148413085153,0.732320256332321,0.4666545116479167,-26.186401319262483,56.492960179136375,63.81067125308094,dem_two_party_vote_margin_2018
Model 4,dem_two_party_vote_margin_2012_nona,0.021805477921959766,0.05591916995284436,0.3899463804693084,0.699191325405236,-0.09215312719604693,0.13576408303996645,31.611101238177582,dem_two_party_vote_margin_2018
Model 4,vote_2012_missingTRUE,29.43146612923158,18.36868483331928,1.602263112264049,0.11315342491968017,-7.139729204660341,66.0026614631235,77.73644346775718,dem_two_party_vote_margin_2018
