claim_id,value_script
abs_adjusted_est,-0.04433232858292829
abs_adjusted_se,0.8475969259392859
app_e_joint_p,0.3335685705573611
app_f8_joint_p,0.3284604392860449
app_g_power_combined,89.0
app_g_power_own,23.0
bayes_final_mean,0.7083640865164079
bayes_final_sd,0.44961730846587294
bayes_panel4_mean,1.003100201576892
disc_cost_per_vote,8.681337780261797
disc_posterior_mean,0.7083640865164079
f1_bg_post_mu,0.01483679525222552
f1_bg_post_sd,0.01348149627599854
f1_hag_post_mu,0.01003100201576892
f1_hag_post_sd,0.0053039097610428
f1_pres_est,-4.4332328582928296e-4
f1_pres_post_mu,0.00708364086516408
f1_pres_post_sd,0.00449617308465873
f1_pres_se,0.0085
f1_prior_mu,0
f1_prior_sd,0.05
f1_tur_post_mu,0.01371702077982722
f1_tur_post_sd,0.01134488933950494
fg2_ols_power,0.23
fg2_post_power,0.89
fn_calc_posterior,0.00708364086516408
fn_calc_result,8.681337780261797
fn_calc_voters,822782.7733194007
fn_voters,822782.7733194007
power_combined_pct,89.0
power_own_pct,23.0
power_pate_pp,1.003100201576892
results_adj_est,-0.04433232858292829
results_adj_se,0.8475969259392859
results_ri_p_adj,0.51
results_ri_p_unadj,0.48
results_unadj_est,0.211445890447404
results_unadj_se,2.248729557733574
t1_nested_control_prec,524
t1_nested_control_zip,84
t1_nested_total_prec,1096
t1_nested_total_zip,169
t1_nested_v1_prec,285
t1_nested_v1_zip,43
t1_nested_v2_prec,287
t1_nested_v2_zip,42
t1_noex_control_zip,104
t1_noex_total_zip,210
t1_noex_v1_zip,53
t1_noex_v2_zip,53
t1_outcome_control_prec,420
t1_outcome_control_zip,76
t1_outcome_total_prec,853
t1_outcome_total_zip,154
t1_outcome_v1_prec,220
t1_outcome_v1_zip,41
t1_outcome_v2_prec,213
t1_outcome_v2_zip,37
t4_m1_any_est,0.00211445890447404
t4_m1_any_se,0.02248729557733574
t4_m1_nclust,154
t4_m1_nobs,853
t4_m2_any_est,-4.4332328582928296e-4
t4_m2_any_se,0.00847596925939286
t4_m2_nclust,154
t4_m2_nobs,853
t4_m3_nclust,154
t4_m3_nobs,853
t4_m3_tv1_est,-0.02054151711593248
t4_m3_tv1_se,0.0249779396651857
t4_m3_tv2_est,0.02551499751710058
t4_m3_tv2_se,0.0291181584918253
t4_m4_nclust,154
t4_m4_nobs,853
t4_m4_tv1_est,-0.00161931034712876
t4_m4_tv1_se,0.01086087176269422
t4_m4_tv2_est,6.758475674641944e-4
t4_m4_tv2_se,0.00960570277980645
ta1_m1_any_est,47.14504548673529
ta1_m1_any_se,56.74410432699257
ta1_m1_nclust,154
ta1_m1_nobs,857
ta1_m2_any_est,6.537417274466778
ta1_m2_any_se,18.69691935822568
ta1_m2_nclust,154
ta1_m2_nobs,857
ta1_m3_nclust,154
ta1_m3_nobs,857
ta1_m3_tv1_est,18.066542846163777
ta1_m3_tv1_se,53.36957704512563
ta1_m3_tv2_est,77.45221725296497
ta1_m3_tv2_se,84.914914470095
ta1_m4_nclust,154
ta1_m4_nobs,857
ta1_m4_tv1_est,-14.522192596932932
ta1_m4_tv1_se,21.94449045561022
ta1_m4_tv2_est,26.70337066473266
ta1_m4_tv2_se,22.81222828610203
ta2_m1_any_est,-23.591594487116556
ta2_m1_any_se,103.35115006129978
ta2_m1_nobs,857
ta2_m2_any_est,10.186389960237149
ta2_m2_any_se,23.67650930379425
ta2_m2_nobs,857
ta2_m3_nobs,857
ta2_m3_tv1_est,-115.5233124119383
ta2_m3_tv1_se,140.9333352820469
ta2_m3_tv2_est,72.22456222326072
ta2_m3_tv2_se,112.05587295378326
ta2_m4_nobs,857
ta2_m4_tv1_est,15.632883176789813
ta2_m4_tv1_se,29.013936367844305
ta2_m4_tv2_est,4.978948376139224
ta2_m4_tv2_se,28.28167314961479
tb3_m1_any_est,0.00424102545744664
tb3_m1_any_se,0.02171048858825918
tb3_m2_any_est,-0.00179900361535011
tb3_m2_any_se,0.00882331010534093
tb3_m3_tv1_est,-0.01540767189425262
tb3_m3_tv1_se,0.02444246906606207
tb3_m3_tv2_est,0.02350049426000227
tb3_m3_tv2_se,0.0272377971422544
tb3_m4_tv1_est,-0.00388299268233914
tb3_m4_tv1_se,0.01156632152205259
tb3_m4_tv2_est,1.0737788774877615e-4
tb3_m4_tv2_se,0.00994055780639916
tb4_m1_any_est,51.94003608999533
tb4_m1_any_se,55.15257829619377
tb4_m1_nobs,857
tb4_m2_any_est,3.620607291284251
tb4_m2_any_se,18.94736841476798
tb4_m2_nobs,857
tb4_m3_nobs,857
tb4_m3_tv1_est,31.94489326114893
tb4_m3_tv1_se,53.246071085433805
tb4_m3_tv2_est,71.72008423122978
tb4_m3_tv2_se,80.34377407240518
tb4_m4_nobs,857
tb4_m4_tv1_est,-21.367516584053423
tb4_m4_tv1_se,22.61607513395567
tb4_m4_tv2_est,26.631009953546908
tb4_m4_tv2_se,22.7883889158653
tb5_m1_any_est,-27.539633034278985
tb5_m1_any_se,95.65243499506208
tb5_m1_nobs,857
tb5_m2_any_est,9.176570629363654
tb5_m2_any_se,23.163937034582144
tb5_m2_nobs,857
tb5_m3_nobs,857
tb5_m3_tv1_est,-159.44585637169507
tb5_m3_tv1_se,142.8199242185158
tb5_m3_tv2_est,102.94762930116796
tb5_m3_tv2_se,90.25316399835982
tb5_m4_nobs,857
tb5_m4_tv1_est,3.500956430176096
tb5_m4_tv1_se,30.617428910821552
tb5_m4_tv2_est,14.439900124496443
tb5_m4_tv2_se,26.763512191064105
te7_m1_int_est,0.553059771850728
te7_m1_int_se,0.08309170382047601
te7_m1_nclust,169
te7_m1_nobs,1096
te7_m1_r2,0.0347554080253486
tf10_m1_any_est,68.59196024679093
tf10_m1_any_se,269.40973755205994
tf10_m1_nobs,210
tf10_m2_any_est,-77.26722783851457
tf10_m2_any_se,156.34892143047512
tf10_m2_nobs,210
tf10_m3_nobs,210
tf10_m3_tv1_est,9.34382726443521
tf10_m3_tv1_se,275.9061329158996
tf10_m3_tv2_est,127.84009322914687
tf10_m3_tv2_se,384.5197385131535
tf10_m4_nobs,210
tf10_m4_tv1_est,-132.28417994945687
tf10_m4_tv1_se,177.3082762231606
tf10_m4_tv2_est,-23.55872275403127
tf10_m4_tv2_se,211.41213868011167
tf11_m1_any_est,-89.82885631182347
tf11_m1_any_se,953.4329157462817
tf11_m1_nobs,210
tf11_m2_any_est,195.6585496839684
tf11_m2_any_se,526.4416784228432
tf11_m2_nobs,210
tf11_m3_nobs,210
tf11_m3_tv1_est,-439.0957478018704
tf11_m3_tv1_se,1125.3363245077278
tf11_m3_tv2_est,259.4380351782236
tf11_m3_tv2_se,1182.4407478854894
tf11_m4_nobs,210
tf11_m4_tv1_est,1018.57542627657
tf11_m4_tv1_se,685.7638188243877
tf11_m4_tv2_est,-590.521797449917
tf11_m4_tv2_se,631.3777433267358
tf8_m1_int_est,0.49965554403635726
tf8_m1_int_se,0.03900731696002892
tf8_m1_nobs,210
tf8_m1_r2,0.00892627884588936
tf9_m1_any_est,0.00985458813345355
tf9_m1_any_se,0.01448034336347406
tf9_m1_nobs,210
tf9_m2_any_est,0.001494794878072
tf9_m2_any_se,0.00879754283818571
tf9_m2_nobs,210
tf9_m3_nobs,210
tf9_m3_tv1_est,0.01671408460282777
tf9_m3_tv1_se,0.01784546092514657
tf9_m3_tv2_est,0.00299509166407935
tf9_m3_tv2_se,0.01809158505430489
tf9_m4_nobs,210
tf9_m4_tv1_est,0.005482479358447
tf9_m4_tv1_se,0.00855046173703903
tf9_m4_tv2_est,-0.00245711888495072
tf9_m4_tv2_se,0.01278053151891731
